"Mes","Fecha","Hora","Quien pago","Monto","Categoria","Subcategoria","Medio de pago","Banco","Descripcion","Comprobante","% Flor","Monto Flor","Monto Pablo"
"2026-09","2026-09-03","Sat Dec 30 1899 21:07:00 GMT-0416 (Argentina Standard Time)","Pablo","39689","Comida","","Mercado Pago","","Pedidosya","","50","19844.5","19844.5"
"2026-09","2026-09-06","Sat Dec 30 1899 11:42:00 GMT-0416 (Argentina Standard Time)","Pablo","63997.7","Comida","","Mercado Pago","","Benedetti","","50","31998.85","31998.85"
"2026-09","2026-09-06","Sat Dec 30 1899 11:52:00 GMT-0416 (Argentina Standard Time)","Pablo","20280","Comida","","Mercado Pago","","Verduleria El Nene","","50","10140","10140"
"2026-09","2026-09-07","Sat Dec 30 1899 20:35:00 GMT-0416 (Argentina Standard Time)","Pablo","41120","Comida","","Mercado Pago","","Carrefour - Hiper Mendoza","","50","20560","20560"
"2026-09","2026-09-07","Sat Dec 30 1899 21:12:00 GMT-0416 (Argentina Standard Time)","Pablo","-8395","Comida","","Mercado Pago","","Ajuste Carrefour - Hiper Mendoza (productos agotados)","","50","-4197.5","-4197.5"
"2026-09","2026-09-13","Sat Dec 30 1899 20:29:00 GMT-0416 (Argentina Standard Time)","Pablo","36210","Comida","","Mercado Pago","","2 hamburguesas (delivery)","","50","18105","18105"
"2026-09","2026-09-13","Sat Dec 30 1899 12:52:00 GMT-0416 (Argentina Standard Time)","Pablo","32000","Comida","","Mercado Pago","","Verduleria","","50","16000","16000"
"2026-09","2026-09-13","Sat Dec 30 1899 21:46:00 GMT-0416 (Argentina Standard Time)","Pablo","48489","Otros","","Mercado Pago","","PedidosYa Market - Mendoza Las Heras","","50","24244.5","24244.5"
"2026-09","2026-09-16","Sat Dec 30 1899 20:10:00 GMT-0416 (Argentina Standard Time)","Pablo","10970","Comida","","Mercado Pago","","Pura Tapioca","","100","10970","0"
"2026-09","2026-09-16","Sat Dec 30 1899 20:15:00 GMT-0416 (Argentina Standard Time)","Pablo","23539","Comida","","Mercado Pago","","Paparulos","","0","0","23539"
"2026-09","2026-09-19","Sat Dec 30 1899 09:16:00 GMT-0416 (Argentina Standard Time)","Pablo","11270","Comida","","Mercado Pago","","La Vene - Parque Central","","100","11270","0"
"2026-09","2026-09-19","Sat Dec 30 1899 09:18:00 GMT-0416 (Argentina Standard Time)","Pablo","12470","Comida","","Mercado Pago","","Enebro Gluten Free","","0","0","12470"
"2026-09","2026-09-19","Sat Dec 30 1899 20:47:00 GMT-0416 (Argentina Standard Time)","Pablo","34992","Otros","","Mercado Pago","","PedidosYa Market - Mendoza Las Heras","","50","17496","17496"
"2026-09","2026-09-20","Sat Dec 30 1899 21:37:00 GMT-0416 (Argentina Standard Time)","Pablo","19347","Comida","","Mercado Pago","","McDonald's Lhz","","100","19347","0"
"2026-09","2026-09-19","Sat Dec 30 1899 21:13:00 GMT-0416 (Argentina Standard Time)","Flor","27777","Comida","Juntadas","Mercado Pago","","Picada con Pablo y Sole","","50","13888.5","13888.5"
"2026-09","2026-09-22","Sat Dec 30 1899 18:51:00 GMT-0416 (Argentina Standard Time)","Pablo","20830","Comida","","Mercado Pago","","Olive Gluten Free Ciudad","","0","0","20830"
"2026-09","2026-09-22","Sat Dec 30 1899 18:57:00 GMT-0416 (Argentina Standard Time)","Pablo","1970","Comida","","Mercado Pago","","La Vene - Paso de los Andes","","100","1970","0"